id,first_name,last_name,email,gender
1,Alikee,Brine,abrine0@liveinternet.ru,Female
2,Rock,Tafani,rtafani1@foxnews.com,Male
3,Pernell,Hulmes,phulmes2@microsoft.com,Male
4,Nan,Gruszecki,ngruszecki3@edublogs.org,Female
5,Melonie,Gomery,mgomery4@yahoo.co.jp,Female
6,Carol-jean,Rasch,crasch5@zimbio.com,Female
7,Karita,D'Ambrosio,kdambrosio6@google.cn,Female
8,Karie,Azemar,kazemar7@posterous.com,Female
9,Curt,Saundercock,csaundercock8@prlog.org,Polygender
10,Genni,Moresby,gmoresby9@washingtonpost.com,Female
11,Kamillah,McVity,kmcvitya@typepad.com,Agender
12,Brose,Overnell,bovernellb@ox.ac.uk,Male
13,Letta,Blakesley,lblakesleyc@go.com,Female
14,Huntley,Zukerman,hzukermand@google.es,Male
15,Levey,Rasch,lrasche@google.com.hk,Male
16,Randell,Swayne,rswaynef@admin.ch,Male
17,Barclay,Shwalbe,bshwalbeg@state.gov,Male
18,Vally,Sillitoe,vsillitoeh@boston.com,Female
19,Jenine,Odde,joddei@walmart.com,Female
20,Edgard,Baty,ebatyj@linkedin.com,Male
21,Morlee,Gibbie,mgibbiek@yellowbook.com,Agender
22,George,Pentland,gpentlandl@theatlantic.com,Female
23,Haydon,Poure,hpourem@ca.gov,Male
24,Burr,Giurio,bgiurion@sphinn.com,Male
25,Myron,Angear,mangearo@stanford.edu,Male
26,Tedra,Taffurelli,ttaffurellip@noaa.gov,Female
27,Arleyne,Macartney,amacartneyq@cnn.com,Female
28,Kay,Kemmish,kkemmishr@biblegateway.com,Female
29,Edgar,Eburne,eeburnes@godaddy.com,Male
30,Theodora,Ramsdell,tramsdellt@cisco.com,Female
31,Cyril,Cornwall,ccornwallu@usgs.gov,Male
32,Rodie,Bolden,rboldenv@wikispaces.com,Female
33,Brigit,Sarjant,bsarjantw@go.com,Female
34,Mathias,Berthouloume,mberthouloumex@ustream.tv,Male
35,Gerhard,Nuss,gnussy@slideshare.net,Male
36,Sollie,Castles,scastlesz@fema.gov,Male
37,Janella,Plitz,jplitz10@spotify.com,Genderfluid
38,Seward,Chipchase,schipchase11@de.vu,Male
39,Shellysheldon,Hurry,shurry12@ovh.net,Male
40,Rustin,Boltwood,rboltwood13@addtoany.com,Male
41,Augustus,Clarke-Williams,aclarkewilliams14@forbes.com,Male
42,Sargent,Bondy,sbondy15@boston.com,Male
43,Solomon,Lorincz,slorincz16@eepurl.com,Male
44,Horton,Gladdolph,hgladdolph17@com.com,Male
45,Bernardine,Botterell,bbotterell18@columbia.edu,Female
46,Lindy,Robardet,lrobardet19@fema.gov,Polygender
47,Dionne,Orpyne,dorpyne1a@discuz.net,Female
48,Elberta,Tyne,etyne1b@blinklist.com,Female
49,Starla,Pallent,spallent1c@google.fr,Female
50,Mab,Cattonnet,mcattonnet1d@4shared.com,Female
51,Aron,Schiell,aschiell1e@pcworld.com,Male
52,Babbie,Griffithe,bgriffithe1f@bloglovin.com,Bigender
53,Henrik,Exroll,hexroll1g@nationalgeographic.com,Male
54,Cristin,Salandino,csalandino1h@yelp.com,Agender
55,Frederigo,Nobriga,fnobriga1i@netlog.com,Male
56,Etti,Graith,egraith1j@plala.or.jp,Female
57,Sandro,Dowgill,sdowgill1k@oracle.com,Male
58,Sanders,Bernot,sbernot1l@flickr.com,Male
59,Davina,Trengrouse,dtrengrouse1m@upenn.edu,Female
60,Sutherlan,Gebbe,sgebbe1n@china.com.cn,Polygender
61,Salome,Haliday,shaliday1o@simplemachines.org,Female
62,Farrah,Tipling,ftipling1p@over-blog.com,Female
63,Hobart,McFaul,hmcfaul1q@digg.com,Male
64,Kenton,Byre,kbyre1r@dropbox.com,Male
65,Brodie,Kopta,bkopta1s@dot.gov,Genderqueer
66,Dora,Budgeon,dbudgeon1t@nymag.com,Female
67,Ansley,Janaszewski,ajanaszewski1u@amazon.co.jp,Female
68,Jammal,Hogsden,jhogsden1v@marriott.com,Male
69,Thorvald,Stolze,tstolze1w@amazon.co.jp,Male
70,Gustav,Stickley,gstickley1x@mozilla.org,Male
71,Robb,Faunt,rfaunt1y@independent.co.uk,Male
72,Garvy,Stronach,gstronach1z@vistaprint.com,Male
73,Suzette,Matthewman,smatthewman20@baidu.com,Female
74,Tonie,Twamley,ttwamley21@sun.com,Female
75,Say,Knotte,sknotte22@mayoclinic.com,Male
76,Tybi,Orrobin,torrobin23@free.fr,Female
77,Findley,Boothroyd,fboothroyd24@sohu.com,Male
78,Melva,Swanborrow,mswanborrow25@paginegialle.it,Female
79,Micheil,Wren,mwren26@sciencedirect.com,Male
80,Debby,Dyott,ddyott27@cdbaby.com,Genderqueer
81,Elke,Gyse,egyse28@sbwire.com,Female
82,Wilton,Purselow,wpurselow29@ustream.tv,Male
83,Kerry,Van Daalen,kvandaalen2a@hostgator.com,Male
84,Nerissa,Martineau,nmartineau2b@fda.gov,Female
85,Maridel,Dubique,mdubique2c@sfgate.com,Female
86,Husein,Iley,hiley2d@netscape.com,Male
87,Ernie,Pendergast,ependergast2e@washington.edu,Male
88,Archibold,Whardley,awhardley2f@moonfruit.com,Male
89,Whitaker,Dymock,wdymock2g@washington.edu,Male
90,Glenine,Mosey,gmosey2h@businessinsider.com,Female
91,Corey,Howson,chowson2i@163.com,Female
92,Rriocard,Laven,rlaven2j@eepurl.com,Male
93,Vernor,Woodburn,vwoodburn2k@ed.gov,Genderqueer
94,Iormina,Shrimptone,ishrimptone2l@npr.org,Female
95,Gearalt,Tinman,gtinman2m@tinyurl.com,Male
96,Holly,Smallpeace,hsmallpeace2n@umich.edu,Male
97,Percy,Mattia,pmattia2o@flavors.me,Male
98,Melanie,Saffill,msaffill2p@theglobeandmail.com,Female
99,Angie,Elsey,aelsey2q@bloglovin.com,Female
100,Dorie,Spensley,dspensley2r@columbia.edu,Female
101,Nevil,Lathaye,nlathaye2s@salon.com,Male
102,Hamish,Renison,hrenison2t@ox.ac.uk,Male
103,Tomlin,Arrowsmith,tarrowsmith2u@vistaprint.com,Male
104,Suzie,Oen,soen2v@domainmarket.com,Female
105,Andrea,O' Kelleher,aokelleher2w@printfriendly.com,Female
106,Burch,Fawcus,bfawcus2x@indiatimes.com,Male
107,Dominique,Esmonde,desmonde2y@cisco.com,Male
108,Martguerita,Lipmann,mlipmann2z@imageshack.us,Female
109,Timi,Naul,tnaul30@bravesites.com,Female
110,Andreas,Stileman,astileman31@issuu.com,Male
111,Mendie,Syrett,msyrett32@surveymonkey.com,Male
112,Jacenta,Binne,jbinne33@ca.gov,Female
113,Theadora,Yakushkin,tyakushkin34@utexas.edu,Female
114,Wilfred,Bryan,wbryan35@springer.com,Male
115,Clarance,Shankland,cshankland36@fotki.com,Male
116,Gerardo,Reichelt,greichelt37@aboutads.info,Male
117,Elke,Burnage,eburnage38@elpais.com,Female
118,Lyndy,Stooders,lstooders39@sfgate.com,Genderfluid
119,Donielle,Paz,dpaz3a@tiny.cc,Female
120,Julissa,Levicount,jlevicount3b@dyndns.org,Female
121,Inglebert,Dimberline,idimberline3c@sciencedaily.com,Male
122,Alli,Fillis,afillis3d@apple.com,Female
123,Othelia,Fleet,ofleet3e@cpanel.net,Female
124,Jacquenette,Marvelley,jmarvelley3f@umn.edu,Female
125,Mischa,MacArthur,mmacarthur3g@illinois.edu,Male
126,Herc,Mulmuray,hmulmuray3h@vistaprint.com,Male
127,Rosemonde,Sweynson,rsweynson3i@taobao.com,Female
128,Emma,Totton,etotton3j@bandcamp.com,Female
129,Lilian,Fishpoole,lfishpoole3k@nih.gov,Female
130,Tasha,Sullivan,tsullivan3l@vimeo.com,Female
131,Arnoldo,Huegett,ahuegett3m@friendfeed.com,Male
132,Rita,Weaving,rweaving3n@opensource.org,Female
133,Celestyna,Cronkshaw,ccronkshaw3o@mit.edu,Female
134,Arri,Aucoate,aaucoate3p@illinois.edu,Male
135,Tabby,Tunesi,ttunesi3q@ox.ac.uk,Male
136,Cheslie,Hendonson,chendonson3r@meetup.com,Female
137,Robinett,Thrift,rthrift3s@intel.com,Female
138,Atalanta,Siege,asiege3t@comcast.net,Female
139,Ibrahim,Bunclark,ibunclark3u@yellowbook.com,Male
140,Teri,Brimilcome,tbrimilcome3v@senate.gov,Female
141,Natty,Akhurst,nakhurst3w@google.com.br,Male
142,Hayyim,De Mitris,hdemitris3x@histats.com,Male
143,Alma,Galvan,agalvan3y@usatoday.com,Female
144,Horatio,Atterley,hatterley3z@reuters.com,Male
145,Katharina,Gowrich,kgowrich40@bloglovin.com,Female
146,Hershel,Ferrarin,hferrarin41@github.io,Male
147,Gracie,Tottman,gtottman42@businessinsider.com,Female
148,Cass,Lawther,clawther43@addthis.com,Female
149,Dorothea,Mushawe,dmushawe44@deviantart.com,Female
150,Mickie,Blackey,mblackey45@stanford.edu,Male
151,Durand,Dives,ddives46@nationalgeographic.com,Male
152,Iris,Shallcroff,ishallcroff47@amazon.com,Female
153,Dav,Boyd,dboyd48@diigo.com,Male
154,Celia,Konig,ckonig49@amazon.de,Agender
155,Bell,Stephenson,bstephenson4a@sina.com.cn,Female
156,Cindee,Osmond,cosmond4b@narod.ru,Female
157,Leila,Whittleton,lwhittleton4c@howstuffworks.com,Female
158,Marcelo,Gebb,mgebb4d@bizjournals.com,Male
159,Reuven,Treasaden,rtreasaden4e@alexa.com,Male
160,Darsie,Nannetti,dnannetti4f@msu.edu,Female
161,Dare,Sargerson,dsargerson4g@goo.ne.jp,Male
162,Julio,Naulty,jnaulty4h@bing.com,Male
163,Boone,Armall,barmall4i@furl.net,Male
164,Denyse,Sherred,dsherred4j@blogspot.com,Female
165,Cassi,Klimsch,cklimsch4k@wufoo.com,Female
166,Vania,Wildman,vwildman4l@nasa.gov,Female
167,Jorrie,Medcalf,jmedcalf4m@github.io,Female
168,Kylie,Whillock,kwhillock4n@tuttocitta.it,Male
169,Mamie,Gilson,mgilson4o@java.com,Female
170,Allistir,Garaghan,agaraghan4p@patch.com,Male
171,Carita,Foakes,cfoakes4q@va.gov,Female
172,Lauraine,Cairns,lcairns4r@fotki.com,Female
173,Ermin,Philippeaux,ephilippeaux4s@g.co,Male
174,Clemente,Beig,cbeig4t@imgur.com,Male
175,Bartlet,Coey,bcoey4u@cafepress.com,Male
176,Giles,Scamp,gscamp4v@xrea.com,Male
177,Donella,Ors,dors4w@about.me,Female
178,Priscella,Brenneke,pbrenneke4x@gmpg.org,Female
179,Alysia,Mann,amann4y@stumbleupon.com,Female
180,Ally,Anstey,aanstey4z@buzzfeed.com,Agender
181,Thatch,Balazin,tbalazin50@dropbox.com,Male
182,Ximenez,Clarkson,xclarkson51@google.com.br,Male
183,Evelina,Cokely,ecokely52@hexun.com,Non-binary
184,Hillie,McAllan,hmcallan53@canalblog.com,Male
185,Jillane,Berka,jberka54@ning.com,Female
186,My,Bisterfeld,mbisterfeld55@topsy.com,Male
187,Whittaker,Boards,wboards56@virginia.edu,Male
188,Beltran,Brolly,bbrolly57@nih.gov,Male
189,Erek,Razzell,erazzell58@latimes.com,Male
190,Erl,Walczak,ewalczak59@livejournal.com,Male
191,Roberta,McMains,rmcmains5a@elegantthemes.com,Female
192,Pincas,Milbank,pmilbank5b@surveymonkey.com,Male
193,Leila,Daoust,ldaoust5c@issuu.com,Female
194,Ottilie,Mugg,omugg5d@feedburner.com,Female
195,Aindrea,Michelin,amichelin5e@unesco.org,Female
196,Tammara,Gathwaite,tgathwaite5f@yandex.ru,Bigender
197,Killian,Liddell,kliddell5g@fc2.com,Male
198,Peria,Quesne,pquesne5h@ebay.co.uk,Female
199,Olimpia,Hugonnet,ohugonnet5i@jiathis.com,Female
200,Bliss,Dewick,bdewick5j@techcrunch.com,Female
201,Godfree,Penylton,gpenylton5k@parallels.com,Male
202,Colan,St Angel,cstangel5l@ehow.com,Male
203,Asa,Meineck,ameineck5m@cisco.com,Male
204,Bobby,Vears,bvears5n@vistaprint.com,Male
205,Nevile,Ambroise,nambroise5o@thetimes.co.uk,Male
206,Giavani,Rosling,grosling5p@vinaora.com,Male
207,Maisie,Barthrup,mbarthrup5q@blogtalkradio.com,Female
208,Danyette,Housley,dhousley5r@cocolog-nifty.com,Female
209,Edvard,Corgenvin,ecorgenvin5s@scientificamerican.com,Male
210,Jacky,Morkham,jmorkham5t@guardian.co.uk,Male
211,Clayson,Rizzini,crizzini5u@alexa.com,Male
212,Alfreda,Finlater,afinlater5v@jigsy.com,Female
213,Ring,Coupe,rcoupe5w@mozilla.com,Male
214,Hillery,Rubinowicz,hrubinowicz5x@is.gd,Genderfluid
215,Mandel,Strangman,mstrangman5y@smh.com.au,Male
216,Guilbert,Shayes,gshayes5z@usda.gov,Male
217,Mattie,Lescop,mlescop60@yellowpages.com,Male
218,Dotti,Van der Beek,dvanderbeek61@wikimedia.org,Female
219,Elisabet,Gallyhaock,egallyhaock62@springer.com,Female
220,Tomlin,Cackett,tcackett63@amazon.co.jp,Male
221,Enrico,Wooffinden,ewooffinden64@tripod.com,Male
222,Renard,Olijve,rolijve65@scribd.com,Male
223,Jacky,Unthank,junthank66@businessweek.com,Female
224,Pauli,Barnett,pbarnett67@oracle.com,Female
225,Northrop,Castilla,ncastilla68@forbes.com,Male
226,Albertina,Mawford,amawford69@icq.com,Female
227,Grange,Gymblett,ggymblett6a@nifty.com,Agender
228,Mendy,Folca,mfolca6b@is.gd,Male
229,Bud,Puttan,bputtan6c@youku.com,Male
230,Nikolas,Dmych,ndmych6d@skype.com,Male
231,Selby,Teodori,steodori6e@cyberchimps.com,Male
232,Rois,Woodley,rwoodley6f@umn.edu,Female
233,Darnall,Molden,dmolden6g@foxnews.com,Male
234,Noel,Andreassen,nandreassen6h@huffingtonpost.com,Male
235,Gweneth,Ortes,gortes6i@indiegogo.com,Female
236,Micaela,Loweth,mloweth6j@cmu.edu,Female
237,Carla,McCurrie,cmccurrie6k@desdev.cn,Polygender
238,Enid,Petters,epetters6l@symantec.com,Female
239,Leanor,Esposita,lesposita6m@deviantart.com,Polygender
240,Christiana,Berge,cberge6n@etsy.com,Female
241,Der,Moir,dmoir6o@cornell.edu,Male
242,Abdel,Oliveira,aoliveira6p@reference.com,Male
243,West,Flipek,wflipek6q@answers.com,Male
244,Sigmund,Patley,spatley6r@free.fr,Male
245,Morty,Powles,mpowles6s@cornell.edu,Male
246,Con,Blowen,cblowen6t@squidoo.com,Polygender
247,Halimeda,Heys,hheys6u@gnu.org,Female
248,Brade,Gulland,bgulland6v@cloudflare.com,Male
249,Mead,Coggan,mcoggan6w@google.es,Female
250,Adey,Arni,aarni6x@hostgator.com,Bigender
251,Westleigh,Dand,wdand6y@nationalgeographic.com,Male
252,Rossy,Petrollo,rpetrollo6z@redcross.org,Male
253,Kalina,Holtum,kholtum70@tamu.edu,Female
254,Christiana,Giacopello,cgiacopello71@hibu.com,Female
255,Augusto,Clist,aclist72@nba.com,Male
256,Mozelle,Perott,mperott73@sun.com,Female
257,Nickolas,Pardie,npardie74@amazon.com,Bigender
258,Theodore,Thake,tthake75@weibo.com,Male
259,Thaddeus,Matheson,tmatheson76@ycombinator.com,Male
260,Erma,Imlin,eimlin77@ustream.tv,Female
261,Hewitt,Aish,haish78@tripadvisor.com,Male
262,Lacie,Brokenshaw,lbrokenshaw79@google.ru,Polygender
263,Lexine,Banke,lbanke7a@blogs.com,Female
264,Norene,Manterfield,nmanterfield7b@angelfire.com,Genderfluid
265,Wandie,Presnail,wpresnail7c@deliciousdays.com,Female
266,Killy,Whines,kwhines7d@histats.com,Male
267,Addy,Varnals,avarnals7e@jimdo.com,Male
268,Gisella,Strowan,gstrowan7f@hhs.gov,Female
269,Asher,Gooda,agooda7g@nps.gov,Male
270,Kerrin,Gravatt,kgravatt7h@cnn.com,Non-binary
271,Grant,Hardbattle,ghardbattle7i@usgs.gov,Male
272,Chloe,Eveleigh,ceveleigh7j@opera.com,Polygender
273,Lon,Biddwell,lbiddwell7k@over-blog.com,Genderqueer
274,Joey,Skillern,jskillern7l@walmart.com,Male
275,Lynnelle,Birkhead,lbirkhead7m@wikimedia.org,Female
276,Eulalie,Springthorpe,espringthorpe7n@sakura.ne.jp,Female
277,Kendre,Monks,kmonks7o@dedecms.com,Female
278,Jecho,Di Maria,jdimaria7p@vimeo.com,Male
279,Jeromy,Deschelle,jdeschelle7q@bigcartel.com,Male
280,Milicent,Sissons,msissons7r@behance.net,Polygender
281,Erastus,Harbidge,eharbidge7s@independent.co.uk,Male
282,Gay,Baford,gbaford7t@wordpress.com,Male
283,Zelig,Islip,zislip7u@rediff.com,Male
284,Odette,Berthon,oberthon7v@unicef.org,Female
285,Fannie,Gray,fgray7w@delicious.com,Female
286,Eward,De Rechter,ederechter7x@networksolutions.com,Male
287,Elyn,Dobing,edobing7y@wordpress.org,Female
288,Geoffrey,Cranson,gcranson7z@mysql.com,Male
289,Madonna,Eard,meard80@sun.com,Female
290,Kennedy,Germon,kgermon81@spiegel.de,Male
291,Free,Matasov,fmatasov82@wordpress.com,Male
292,Shari,Conklin,sconklin83@jigsy.com,Female
293,Baillie,Goodbarr,bgoodbarr84@ycombinator.com,Male
294,Celesta,Mealham,cmealham85@barnesandnoble.com,Female
295,Frederica,Rentoll,frentoll86@baidu.com,Polygender
296,Shannon,Clendening,sclendening87@wordpress.org,Male
297,Casey,Ding,cding88@squidoo.com,Male
298,Caren,Agus,cagus89@live.com,Female
299,Sheeree,Ancell,sancell8a@dion.ne.jp,Female
300,Harriett,Laughnan,hlaughnan8b@mit.edu,Female
301,Jakob,Arnau,jarnau8c@about.com,Agender
302,Joan,Graalman,jgraalman8d@yellowbook.com,Female
303,Dun,O'Teague,doteague8e@cnbc.com,Male
304,Glynda,Cahan,gcahan8f@github.com,Female
305,Tammi,Pedersen,tpedersen8g@gravatar.com,Female
306,Carine,Ceschini,cceschini8h@4shared.com,Female
307,Ellswerth,Wooffinden,ewooffinden8i@businessinsider.com,Genderfluid
308,Doralyn,Aleixo,daleixo8j@blinklist.com,Female
309,Cece,Harsnep,charsnep8k@yahoo.co.jp,Male
310,Darcey,Gilvear,dgilvear8l@hud.gov,Female
311,Maxie,Crosher,mcrosher8m@cyberchimps.com,Female
312,Corney,Hayer,chayer8n@dmoz.org,Male
313,Bobine,Wrist,bwrist8o@drupal.org,Female
314,Alleyn,Dexter,adexter8p@xrea.com,Male
315,Ethel,Buscombe,ebuscombe8q@telegraph.co.uk,Female
316,Sheryl,Baudouin,sbaudouin8r@fc2.com,Female
317,Barris,Jeffes,bjeffes8s@g.co,Male
318,Bourke,Nestoruk,bnestoruk8t@hc360.com,Male
319,Kylie,Desouza,kdesouza8u@walmart.com,Female
320,Jayne,Humbert,jhumbert8v@elpais.com,Female
321,Chev,Pegden,cpegden8w@unblog.fr,Male
322,Terrel,Giacubo,tgiacubo8x@europa.eu,Male
323,Denney,Jeandel,djeandel8y@canalblog.com,Male
324,Welsh,Merrell,wmerrell8z@blinklist.com,Male
325,Merrile,Sperski,msperski90@latimes.com,Female
326,Brose,Forre,bforre91@123-reg.co.uk,Male
327,Amalia,Chilley,achilley92@ted.com,Female
328,Rachele,Whisby,rwhisby93@storify.com,Female
329,Brian,Doree,bdoree94@gravatar.com,Male
330,Kara-lynn,Cullrford,kcullrford95@github.com,Female
331,Cornelle,Owens,cowens96@mail.ru,Genderqueer
332,Olympie,Reis,oreis97@deviantart.com,Female
333,Enrico,Barkly,ebarkly98@devhub.com,Male
334,Deirdre,Kingdom,dkingdom99@alexa.com,Female
335,Dotty,Gravet,dgravet9a@jimdo.com,Female
336,Cullen,Umney,cumney9b@cafepress.com,Male
337,Jewelle,Agate,jagate9c@1688.com,Female
338,Forest,Attride,fattride9d@about.com,Male
339,Darryl,Ambler,dambler9e@taobao.com,Female
340,Pooh,Firebrace,pfirebrace9f@linkedin.com,Male
341,Roddie,Nicholes,rnicholes9g@washingtonpost.com,Male
342,Glyn,Christall,gchristall9h@yellowpages.com,Genderfluid
343,Magdalene,Bischof,mbischof9i@home.pl,Female
344,Ajay,Oris,aoris9j@chronoengine.com,Female
345,Morganne,Cosbee,mcosbee9k@reference.com,Female
346,Evvie,Favel,efavel9l@fc2.com,Female
347,Pepillo,Barkess,pbarkess9m@reverbnation.com,Male
348,Brand,Thistleton,bthistleton9n@cafepress.com,Male
349,Agnese,Jugging,ajugging9o@java.com,Female
350,Hailee,Flucker,hflucker9p@bloomberg.com,Female
351,Starr,Aldine,saldine9q@mit.edu,Female
352,Binny,Dominka,bdominka9r@wiley.com,Female
353,Myrtie,Robjohns,mrobjohns9s@hostgator.com,Female
354,Marcos,Klawi,mklawi9t@washingtonpost.com,Non-binary
355,Rosaleen,Duignan,rduignan9u@squidoo.com,Female
356,Monti,Fassmann,mfassmann9v@slideshare.net,Male
357,Ingaberg,Peschke,ipeschke9w@taobao.com,Non-binary
358,Gibbie,Remnant,gremnant9x@mac.com,Male
359,Misty,Philipet,mphilipet9y@yahoo.com,Female
360,Kendre,Drepp,kdrepp9z@biblegateway.com,Genderqueer
361,Babb,Landeg,blandega0@pen.io,Genderqueer
362,Bruce,Chattock,bchattocka1@mail.ru,Male
363,Waneta,Husband,whusbanda2@123-reg.co.uk,Female
364,Alfred,Pridgeon,apridgeona3@privacy.gov.au,Male
365,Man,Bottrill,mbottrilla4@dyndns.org,Non-binary
366,Tallulah,Picot,tpicota5@house.gov,Female
367,Elmer,Sedgeman,esedgemana6@scribd.com,Male
368,Cahra,McClaren,cmcclarena7@friendfeed.com,Female
369,Anastassia,Rowson,arowsona8@twitpic.com,Female
370,Brook,Whilder,bwhildera9@google.ru,Male
371,Dawn,Sawday,dsawdayaa@businessweek.com,Female
372,Meta,Dell Casa,mdellcasaab@1und1.de,Female
373,Melli,Shoubridge,mshoubridgeac@geocities.com,Female
374,Algernon,Turnpenny,aturnpennyad@pcworld.com,Male
375,Zack,Pethrick,zpethrickae@vimeo.com,Male
376,Amber,Hirth,ahirthaf@census.gov,Female
377,Zulema,Bennis,zbennisag@miibeian.gov.cn,Female
378,Maddie,Bittlestone,mbittlestoneah@qq.com,Female
379,Park,Draysey,pdrayseyai@printfriendly.com,Male
380,Henderson,Rosi,hrosiaj@salon.com,Male
381,Yevette,Lafoy,ylafoyak@yale.edu,Female
382,Andria,McNalley,amcnalleyal@reddit.com,Female
383,Rafael,Himpson,rhimpsonam@altervista.org,Male
384,Carlen,Tadd,ctaddan@google.ca,Female
385,Dolph,Poytheras,dpoytherasao@storify.com,Male
386,Dierdre,Kinloch,dkinlochap@tinyurl.com,Agender
387,Fee,Sadat,fsadataq@oaic.gov.au,Male
388,Aileen,Luna,alunaar@reference.com,Female
389,Bartram,Sivorn,bsivornas@blogs.com,Polygender
390,Garrott,Tollerfield,gtollerfieldat@dell.com,Male
391,Nicky,Margiotta,nmargiottaau@state.gov,Male
392,Obidiah,Lomasny,olomasnyav@arstechnica.com,Male
393,Ignacius,Brantl,ibrantlaw@illinois.edu,Male
394,Chancey,Bevar,cbevarax@1und1.de,Male
395,Sadella,Meneux,smeneuxay@cnbc.com,Female
396,Brandy,Larmett,blarmettaz@stumbleupon.com,Female
397,Steward,Beavis,sbeavisb0@woothemes.com,Male
398,Rosa,Lannon,rlannonb1@freewebs.com,Female
399,Dorri,Claisse,dclaisseb2@vkontakte.ru,Female
400,Cornall,Parish,cparishb3@oaic.gov.au,Male
401,Lida,Shaxby,lshaxbyb4@jiathis.com,Female
402,Merwyn,Caslett,mcaslettb5@flickr.com,Male
403,Lisha,Ballefant,lballefantb6@pinterest.com,Female
404,Kristos,Figure,kfigureb7@tmall.com,Male
405,Alene,Gruczka,agruczkab8@un.org,Female
406,Windy,Bodley,wbodleyb9@shareasale.com,Female
407,Ronda,Lowen,rlowenba@alibaba.com,Female
408,Jacquelyn,Sleaford,jsleafordbb@who.int,Female
409,Catarina,Teek,cteekbc@shutterfly.com,Female
410,Arleyne,O'Donnelly,aodonnellybd@foxnews.com,Female
411,Neil,Feechum,nfeechumbe@taobao.com,Male
412,Anderea,Riches,arichesbf@ca.gov,Female
413,Livvyy,Musslewhite,lmusslewhitebg@meetup.com,Female
414,Cherye,Cuel,ccuelbh@example.com,Female
415,Maison,Simmon,msimmonbi@chron.com,Male
416,Olvan,Negus,onegusbj@sourceforge.net,Male
417,Heinrik,Noor,hnoorbk@printfriendly.com,Male
418,Reeba,Blonden,rblondenbl@blogs.com,Female
419,Andre,Scholefield,ascholefieldbm@ibm.com,Male
420,Nil,Dumbrill,ndumbrillbn@networksolutions.com,Bigender
421,Ailsun,McIlwreath,amcilwreathbo@aol.com,Female
422,Eb,Linnitt,elinnittbp@twitter.com,Non-binary
423,Jaymee,Woollons,jwoollonsbq@thetimes.co.uk,Female
424,Dane,Dominique,ddominiquebr@hugedomains.com,Male
425,Marcos,Hatherall,mhatherallbs@opera.com,Male
426,Rowen,Dougill,rdougillbt@g.co,Male
427,Jeanie,Twitchings,jtwitchingsbu@cnn.com,Female
428,Teodora,Balasini,tbalasinibv@istockphoto.com,Female
429,Rene,Pavelin,rpavelinbw@hibu.com,Female
430,Anthe,Stannering,astanneringbx@e-recht24.de,Female
431,Leone,Wardington,lwardingtonby@ehow.com,Female
432,Lucian,Bellenie,lbelleniebz@ox.ac.uk,Male
433,Sinclare,Osgorby,sosgorbyc0@domainmarket.com,Male
434,Odie,Halloway,ohallowayc1@artisteer.com,Male
435,Prescott,Saura,psaurac2@t.co,Male
436,Rolfe,Rittmeier,rrittmeierc3@quantcast.com,Male
437,Amalle,Clench,aclenchc4@sciencedaily.com,Female
438,Lorelle,Lukesch,llukeschc5@ameblo.jp,Female
439,Hedvig,Scholtz,hscholtzc6@msu.edu,Female
440,Monique,Botterill,mbotterillc7@marketwatch.com,Agender
441,Renaud,Mattholie,rmattholiec8@cyberchimps.com,Male
442,Leese,Scarsbrook,lscarsbrookc9@meetup.com,Female
443,Connor,Becom,cbecomca@latimes.com,Male
444,Dix,Kendrew,dkendrewcb@constantcontact.com,Female
445,Con,Najafian,cnajafiancc@artisteer.com,Female
446,Hillie,Murley,hmurleycd@wired.com,Male
447,Bruce,Bukowski,bbukowskice@theglobeandmail.com,Male
448,Boniface,McQuillin,bmcquillincf@yellowbook.com,Male
449,Cointon,Corneljes,ccorneljescg@twitter.com,Bigender
450,Lew,Gratland,lgratlandch@tmall.com,Male
451,Warde,Durand,wdurandci@phoca.cz,Male
452,Chancey,Wensley,cwensleycj@ucoz.ru,Male
453,Jacob,Olyfat,jolyfatck@mozilla.org,Non-binary
454,Jeannie,Apdell,japdellcl@uol.com.br,Female
455,Meredithe,Vanetti,mvanetticm@bbc.co.uk,Female
456,Ira,Pattini,ipattinicn@forbes.com,Male
457,Audrey,Mulholland,amulhollandco@chicagotribune.com,Genderfluid
458,Charyl,Lyosik,clyosikcp@oaic.gov.au,Female
459,Aigneis,Halt,ahaltcq@google.nl,Female
460,Minda,MacTrustam,mmactrustamcr@liveinternet.ru,Female
461,Licha,Labitt,llabittcs@opensource.org,Female
462,Taryn,Guerry,tguerryct@upenn.edu,Bigender
463,Barri,Vasyunichev,bvasyunichevcu@mlb.com,Male
464,Skipper,Dorkins,sdorkinscv@yandex.ru,Male
465,Derick,Camamile,dcamamilecw@guardian.co.uk,Male
466,Rosana,Wrixon,rwrixoncx@chronoengine.com,Female
467,Lilia,Antonias,lantoniascy@tinyurl.com,Polygender
468,Cherilyn,Pepye,cpepyecz@hibu.com,Female
469,Joellen,Brasse,jbrassed0@ebay.co.uk,Female
470,Trish,Gaskall,tgaskalld1@usda.gov,Female
471,Gerard,Hustler,ghustlerd2@ifeng.com,Genderfluid
472,Jecho,Moyser,jmoyserd3@constantcontact.com,Male
473,Kris,Olyfant,kolyfantd4@bbb.org,Male
474,Eachelle,Shearsby,eshearsbyd5@amazon.de,Genderfluid
475,Ardelis,Mansuer,amansuerd6@columbia.edu,Female
476,Phillida,Kopelman,pkopelmand7@examiner.com,Female
477,Orran,Sweating,osweatingd8@furl.net,Male
478,Henrie,Lawton,hlawtond9@yolasite.com,Female
479,Bearnard,Biddleston,bbiddlestonda@princeton.edu,Male
480,Vanya,Fuzzey,vfuzzeydb@cyberchimps.com,Male
481,Flor,Kondratenya,fkondratenyadc@oaic.gov.au,Female
482,Kylen,Routham,krouthamdd@github.com,Non-binary
483,Marja,Van Halen,mvanhalende@sbwire.com,Agender
484,Lem,Adcocks,ladcocksdf@ow.ly,Male
485,Alanah,Nattriss,anattrissdg@ibm.com,Female
486,Frankie,Luard,fluarddh@myspace.com,Male
487,Hazlett,Lockless,hlocklessdi@ehow.com,Male
488,Lammond,Withrop,lwithropdj@about.me,Male
489,Farley,Farish,ffarishdk@yahoo.com,Male
490,Avery,Callister,acallisterdl@bloglines.com,Male
491,Daniele,Meekins,dmeekinsdm@mediafire.com,Polygender
492,Florenza,Dullaghan,fdullaghandn@nyu.edu,Bigender
493,Whitaker,Rubinlicht,wrubinlichtdo@bandcamp.com,Male
494,Jase,Bagenal,jbagenaldp@ustream.tv,Genderfluid
495,Rosalinde,Chatain,rchataindq@quantcast.com,Female
496,Erminia,Sturrock,esturrockdr@yelp.com,Female
497,Frederica,Maffin,fmaffinds@sakura.ne.jp,Female
498,Jolynn,Greg,jgregdt@state.tx.us,Female
499,Benny,De Beauchamp,bdebeauchampdu@loc.gov,Female
500,Courtnay,Richardet,crichardetdv@creativecommons.org,Male
501,Holt,Peschka,hpeschkadw@discuz.net,Polygender
502,Thomasina,Whimpenny,twhimpennydx@mail.ru,Female
503,Rochette,Whettleton,rwhettletondy@cargocollective.com,Female
504,Tadeo,Angus,tangusdz@blogspot.com,Male
505,Vivyanne,Kumar,vkumare0@skype.com,Female
506,Roselia,Foxen,rfoxene1@yellowbook.com,Female
507,Irina,Erington,ieringtone2@google.com,Female
508,Lennie,Sorton,lsortone3@state.tx.us,Male
509,Broddy,Fairhead,bfairheade4@adobe.com,Male
510,Annamarie,Langstone,alangstonee5@e-recht24.de,Female
511,Merwyn,de Broke,mdebrokee6@cnet.com,Male
512,Edgar,Pfertner,epfertnere7@blogspot.com,Male
513,Briano,Billo,bbilloe8@ycombinator.com,Male
514,Tracy,Ahrens,tahrense9@netlog.com,Male
515,Jeannine,Gonneau,jgonneauea@yellowbook.com,Polygender
516,Ronna,Shillingford,rshillingfordeb@dyndns.org,Female
517,Amil,Kember,akemberec@prnewswire.com,Female
518,Easter,Fireman,efiremaned@cbc.ca,Female
519,Che,Morgen,cmorgenee@scientificamerican.com,Male
520,Lebbie,Slafford,lslaffordef@slate.com,Female
521,Packston,Metzel,pmetzeleg@thetimes.co.uk,Male
522,Stafford,Syplus,ssypluseh@youtube.com,Male
523,Keane,Itzkin,kitzkinei@walmart.com,Male
524,Mario,Capewell,mcapewellej@mit.edu,Male
525,Lory,Casse,lcasseek@businessweek.com,Female
526,Min,Ferruzzi,mferruzziel@list-manage.com,Genderfluid
527,Gratiana,Baynon,gbaynonem@utexas.edu,Female
528,Minta,MacGillivray,mmacgillivrayen@ow.ly,Female
529,Liuka,Mitkov,lmitkoveo@jugem.jp,Female
530,Bel,Macconachy,bmacconachyep@mediafire.com,Female
531,Dedie,Pinar,dpinareq@sun.com,Polygender
532,Bill,Spadari,bspadarier@yellowbook.com,Polygender
533,Leann,Tribell,ltribelles@nymag.com,Female
534,Osbert,Abbe,oabbeet@ted.com,Male
535,Renelle,Hildred,rhildredeu@freewebs.com,Female
536,Addy,Hinners,ahinnersev@yandex.ru,Male
537,Blair,Zum Felde,bzumfeldeew@moonfruit.com,Male
538,Justinian,Kirwin,jkirwinex@google.ru,Male
539,Elisha,Beltzner,ebeltznerey@harvard.edu,Female
540,Milka,Brandreth,mbrandrethez@lycos.com,Female
541,Dody,Rennicks,drennicksf0@nature.com,Female
542,Dot,Howen,dhowenf1@ibm.com,Female
543,Frants,Standen,fstandenf2@taobao.com,Male
544,Rudolfo,Cord,rcordf3@clickbank.net,Male
545,Zulema,Ary,zaryf4@newyorker.com,Female
546,Joly,Pizzey,jpizzeyf5@paginegialle.it,Female
547,Vanya,McCloy,vmccloyf6@bizjournals.com,Male
548,Marian,Peacock,mpeacockf7@artisteer.com,Female
549,Lenka,Pead,lpeadf8@webeden.co.uk,Female
550,Gretal,Kniveton,gknivetonf9@tinypic.com,Female
551,Mella,Jerrams,mjerramsfa@soundcloud.com,Agender
552,Ethelin,Peskin,epeskinfb@360.cn,Female
553,Natala,Rands,nrandsfc@over-blog.com,Female
554,Alick,Larne,alarnefd@ft.com,Male
555,Alastair,Duchan,aduchanfe@jiathis.com,Male
556,Lavena,Scullion,lscullionff@opensource.org,Female
557,Christiana,Penticost,cpenticostfg@csmonitor.com,Female
558,Ethelin,Schirach,eschirachfh@apache.org,Non-binary
559,Lonnie,Garford,lgarfordfi@oaic.gov.au,Genderfluid
560,Adan,Whitlock,awhitlockfj@usgs.gov,Male
561,Berky,Garritley,bgarritleyfk@tmall.com,Agender
562,Coreen,Cale,ccalefl@blogspot.com,Female
563,Patty,McLauchlin,pmclauchlinfm@google.com,Female
564,Fletcher,Rawlin,frawlinfn@discovery.com,Male
565,Krista,Cridlin,kcridlinfo@cbslocal.com,Female
566,Sloan,Wane,swanefp@google.cn,Male
567,Emlynne,Jellis,ejellisfq@tinypic.com,Female
568,Rab,Barnby,rbarnbyfr@cisco.com,Male
569,Wendall,Anglim,wanglimfs@newyorker.com,Male
570,Britney,Lorkings,blorkingsft@tripod.com,Female
571,Emma,Belle,ebellefu@theguardian.com,Female
572,Lynnette,Gummie,lgummiefv@bloglovin.com,Female
573,Giles,Tomczykowski,gtomczykowskifw@businesswire.com,Polygender
574,Brady,Robert,brobertfx@technorati.com,Male
575,Hazel,Papworth,hpapworthfy@cdbaby.com,Bigender
576,Gibby,Wildman,gwildmanfz@w3.org,Male
577,Crichton,Josland,cjoslandg0@techcrunch.com,Male
578,Blakeley,Lighten,blighteng1@facebook.com,Female
579,Jerrie,Tremonte,jtremonteg2@ucoz.com,Male
580,Tabbatha,Jahndel,tjahndelg3@sourceforge.net,Female
581,Enrica,Philipson,ephilipsong4@netlog.com,Female
582,Kristien,Echallier,kechallierg5@oracle.com,Female
583,Mack,Nani,mnanig6@guardian.co.uk,Male
584,Chester,Sagg,csaggg7@ameblo.jp,Male
585,Dilly,Bownes,dbownesg8@typepad.com,Male
586,Lorenza,Wyrall,lwyrallg9@chronoengine.com,Female
587,Matias,MacGaughey,mmacgaugheyga@google.it,Male
588,Jedediah,Madeley,jmadeleygb@webmd.com,Male
589,Gilberto,Meffen,gmeffengc@cmu.edu,Genderqueer
590,Marcelo,Able,mablegd@linkedin.com,Male
591,Valentina,Blenkinship,vblenkinshipge@de.vu,Polygender
592,Kristian,Howard,khowardgf@wiley.com,Male
593,Gerard,Coller,gcollergg@sciencedirect.com,Genderfluid
594,Layton,Zamorrano,lzamorranogh@omniture.com,Male
595,Benjy,Hookes,bhookesgi@xrea.com,Male
596,Gisela,Wadley,gwadleygj@google.nl,Female
597,Miquela,Scoullar,mscoullargk@altervista.org,Female
598,Noni,Halliwell,nhalliwellgl@desdev.cn,Female
599,Husain,Sunnucks,hsunnucksgm@about.me,Male
600,Clovis,Ziemecki,cziemeckign@skype.com,Female
601,Sybyl,Blench,sblenchgo@slashdot.org,Female
602,Glori,Creaser,gcreasergp@mit.edu,Female
603,Claiborn,Willshee,cwillsheegq@so-net.ne.jp,Male
604,Glenda,De Minico,gdeminicogr@sakura.ne.jp,Female
605,Suzann,Paulillo,spaulillogs@godaddy.com,Bigender
606,Genny,Cashmore,gcashmoregt@shareasale.com,Female
607,Arlana,Lightning,alightninggu@cnbc.com,Female
608,Shelley,Romeo,sromeogv@utexas.edu,Female
609,Westbrooke,Fawdrie,wfawdriegw@histats.com,Non-binary
610,Issy,Berrill,iberrillgx@discovery.com,Female
611,Gardner,Prettyman,gprettymangy@360.cn,Male
612,Hodge,Fogt,hfogtgz@irs.gov,Male
613,Nero,Barfield,nbarfieldh0@studiopress.com,Male
614,Eal,Lukovic,elukovich1@buzzfeed.com,Male
615,Brendon,Berwick,bberwickh2@privacy.gov.au,Male
616,Randall,Boncoeur,rboncoeurh3@artisteer.com,Male
617,Cassius,McClurg,cmcclurgh4@noaa.gov,Male
618,Reece,MacRonald,rmacronaldh5@amazon.de,Male
619,Bill,Glendinning,bglendinningh6@npr.org,Male
620,Sophie,Hales,shalesh7@eventbrite.com,Bigender
621,Kelbee,Goulden,kgouldenh8@hhs.gov,Male
622,Grant,Dyche,gdycheh9@usatoday.com,Male
623,Georgette,Boylan,gboylanha@guardian.co.uk,Female
624,Alastair,Vass,avasshb@ustream.tv,Male
625,Trip,Fern,tfernhc@friendfeed.com,Male
626,Harriott,Champley,hchampleyhd@phpbb.com,Female
627,Gratiana,Farrent,gfarrenthe@wired.com,Female
628,Happy,Kinsey,hkinseyhf@sbwire.com,Female
629,Abbie,Fourman,afourmanhg@apache.org,Male
630,Anestassia,Pilmore,apilmorehh@unicef.org,Female
631,Lorianne,Servant,lservanthi@t-online.de,Female
632,Ronald,Naisbitt,rnaisbitthj@pagesperso-orange.fr,Male
633,Minta,Clorley,mclorleyhk@gravatar.com,Female
634,Andre,Rulten,arultenhl@usa.gov,Male
635,Archaimbaud,Stovin,astovinhm@hostgator.com,Male
636,Ginger,Micka,gmickahn@ft.com,Female
637,Kristoffer,Haet,khaetho@netlog.com,Male
638,Lanna,Spataro,lspatarohp@reverbnation.com,Female
639,Monah,Glowacha,mglowachahq@nsw.gov.au,Female
640,Ollie,Oakley,ooakleyhr@nbcnews.com,Female
641,Vera,Trenoweth,vtrenowethhs@bloglovin.com,Female
642,Patrizio,De Michetti,pdemichettiht@blogtalkradio.com,Male
643,Chrissie,Kohen,ckohenhu@flavors.me,Female
644,Heidi,Davidovsky,hdavidovskyhv@sciencedirect.com,Female
645,Onofredo,Townsend,otownsendhw@freewebs.com,Male
646,Pedro,Skerrett,pskerretthx@free.fr,Male
647,Giselbert,Phifer,gphiferhy@list-manage.com,Male
648,Tito,Mews,tmewshz@is.gd,Male
649,Cherice,Mullins,cmullinsi0@typepad.com,Non-binary
650,Mella,Tomas,mtomasi1@123-reg.co.uk,Female
651,Annissa,Orgen,aorgeni2@studiopress.com,Bigender
652,Lemmie,Navaro,lnavaroi3@stumbleupon.com,Male
653,Jinny,Keymar,jkeymari4@thetimes.co.uk,Female
654,Sherline,Jonas,sjonasi5@senate.gov,Agender
655,Alaster,Reichardt,areichardti6@va.gov,Male
656,Frasier,MacCahee,fmaccaheei7@aol.com,Male
657,Wallis,Surman-Wells,wsurmanwellsi8@cam.ac.uk,Female
658,Agathe,Farryan,afarryani9@blogspot.com,Female
659,Andie,Barnbrook,abarnbrookia@blogs.com,Female
660,Gusella,Kynd,gkyndib@etsy.com,Female
661,Wade,Gioan,wgioanic@jalbum.net,Male
662,Sydel,Sussams,ssussamsid@columbia.edu,Female
663,Alvira,Bohea,aboheaie@vkontakte.ru,Female
664,Dorella,Wheatland,dwheatlandif@skyrock.com,Female
665,Davidde,Garnam,dgarnamig@deviantart.com,Agender
666,Daryl,Roycraft,droycraftih@google.es,Male
667,Ernest,Orrell,eorrellii@topsy.com,Male
668,Hansiain,Gantlett,hgantlettij@typepad.com,Male
669,Isa,Gratton,igrattonik@discuz.net,Non-binary
670,Denys,MacNamara,dmacnamarail@elpais.com,Male
671,Crosby,Bingall,cbingallim@ifeng.com,Male
672,Herold,Murtell,hmurtellin@shareasale.com,Male
673,Cathyleen,Batstone,cbatstoneio@umich.edu,Female
674,Ceciley,Cisneros,ccisnerosip@narod.ru,Bigender
675,Bud,Geddis,bgeddisiq@nasa.gov,Male
676,Avie,McLugaish,amclugaishir@weather.com,Female
677,Robby,Shearmer,rshearmeris@nps.gov,Male
678,Krystal,Graben,kgrabenit@prweb.com,Female
679,Darlene,Curley,dcurleyiu@behance.net,Female
680,Elinore,Plaster,eplasteriv@scientificamerican.com,Female
681,Caryl,Bofield,cbofieldiw@wordpress.org,Male
682,Wilbert,Pinkett,wpinkettix@biglobe.ne.jp,Male
683,Petunia,Creeboe,pcreeboeiy@disqus.com,Female
684,Demott,Limbert,dlimbertiz@e-recht24.de,Male
685,Lane,Ribbens,lribbensj0@nps.gov,Polygender
686,Rubie,Henden,rhendenj1@intel.com,Female
687,Myles,Prosh,mproshj2@hhs.gov,Male
688,Heriberto,McGarrell,hmcgarrellj3@discovery.com,Polygender
689,Nyssa,Trase,ntrasej4@spotify.com,Female
690,Ofilia,Howard - Gater,ohowardgaterj5@cbc.ca,Female
691,Nannette,Loudian,nloudianj6@arizona.edu,Female
692,Corry,Noot,cnootj7@telegraph.co.uk,Female
693,Latrena,Poltun,lpoltunj8@issuu.com,Female
694,Zelig,Marchington,zmarchingtonj9@si.edu,Male
695,Bran,Mattersley,bmattersleyja@guardian.co.uk,Male
696,Charles,Attenbrough,cattenbroughjb@adobe.com,Non-binary
697,Therine,Kruse,tkrusejc@vinaora.com,Female
698,Allissa,Bickerdike,abickerdikejd@lycos.com,Female
699,Anastasia,Whellans,awhellansje@youtu.be,Female
700,Christoffer,Beevens,cbeevensjf@163.com,Male
701,Faustina,Livezey,flivezeyjg@un.org,Genderfluid
702,Alidia,Maass,amaassjh@boston.com,Female
703,Hermine,Munnings,hmunningsji@ebay.com,Female
704,Erhard,Bottlestone,ebottlestonejj@ucoz.com,Male
705,Tome,Bohlje,tbohljejk@sun.com,Male
706,Dunc,Deeth,ddeethjl@ftc.gov,Genderfluid
707,Aridatha,Palke,apalkejm@oaic.gov.au,Female
708,Moritz,Francillo,mfrancillojn@mac.com,Male
709,Gabrielle,Challens,gchallensjo@samsung.com,Female
710,Cirillo,Scrymgeour,cscrymgeourjp@yahoo.co.jp,Male
711,Adelaide,Gurnett,agurnettjq@yandex.ru,Female
712,Mirella,Springtorp,mspringtorpjr@reference.com,Female
713,Phineas,Picford,ppicfordjs@tinyurl.com,Male
714,Lona,Hagerty,lhagertyjt@msu.edu,Female
715,Sheelah,Furman,sfurmanju@slideshare.net,Female
716,Meriel,Reignard,mreignardjv@nasa.gov,Female
717,Freddie,Deschlein,fdeschleinjw@hostgator.com,Male
718,Nancy,Downgate,ndowngatejx@tamu.edu,Female
719,Kirk,Mosson,kmossonjy@meetup.com,Male
720,Lucinda,Nuss,lnussjz@cnbc.com,Female
721,Zacharia,Foli,zfolik0@privacy.gov.au,Male
722,Thor,Cross,tcrossk1@nifty.com,Male
723,Antonino,Tombling,atomblingk2@imageshack.us,Bigender
724,Temple,Proughten,tproughtenk3@nih.gov,Male
725,Dwain,Missen,dmissenk4@amazon.com,Male
726,Ermin,Nickell,enickellk5@mail.ru,Male
727,Ulberto,Norree,unorreek6@pbs.org,Male
728,Urban,Pellissier,upellissierk7@dyndns.org,Polygender
729,Darius,Eustis,deustisk8@sphinn.com,Male
730,Rozele,Hazelton,rhazeltonk9@facebook.com,Female
731,Marinna,Baylie,mbaylieka@xing.com,Female
732,Madalyn,Pietroni,mpietronikb@de.vu,Female
733,Muffin,Jelliman,mjellimankc@google.fr,Polygender
734,Sherill,Baudesson,sbaudessonkd@wordpress.com,Bigender
735,Vivyanne,Chree,vchreeke@123-reg.co.uk,Female
736,Yance,Eaves,yeaveskf@sohu.com,Male
737,Nellie,Kibard,nkibardkg@woothemes.com,Female
738,Anstice,Hriinchenko,ahriinchenkokh@hao123.com,Female
739,Ianthe,Labbez,ilabbezki@cnbc.com,Female
740,Herb,Musicka,hmusickakj@com.com,Male
741,Gladi,Rowlinson,growlinsonkk@yelp.com,Female
742,Babb,Chittenden,bchittendenkl@yale.edu,Female
743,Celesta,Mault,cmaultkm@home.pl,Female
744,Zach,Barbrick,zbarbrickkn@toplist.cz,Male
745,Cyndy,Videneev,cvideneevko@dropbox.com,Female
746,Kary,Wastie,kwastiekp@wisc.edu,Female
747,Barnabe,Genthner,bgenthnerkq@blogtalkradio.com,Male
748,Lucienne,Paulat,lpaulatkr@nytimes.com,Polygender
749,Karine,Paulat,kpaulatks@hud.gov,Female
750,Dalia,Kolakovic,dkolakovickt@live.com,Genderqueer
751,Judi,Falk,jfalkku@vistaprint.com,Female
752,Judye,Bonus,jbonuskv@disqus.com,Female
753,Kitty,McQuorkel,kmcquorkelkw@cafepress.com,Female
754,Laurella,Sutterfield,lsutterfieldkx@mtv.com,Female
755,Cal,Petyanin,cpetyaninky@bing.com,Male
756,Salome,O'Shiels,soshielskz@hubpages.com,Female
757,Norri,Paskerful,npaskerfull0@msu.edu,Female
758,Mallory,Craster,mcrasterl1@dagondesign.com,Female
759,Dominick,Gascard,dgascardl2@woothemes.com,Male
760,Glenna,Higbin,ghigbinl3@usatoday.com,Polygender
761,Thor,Sliney,tslineyl4@exblog.jp,Male
762,Renault,Joule,rjoulel5@networksolutions.com,Male
763,Jacquelynn,Matelyunas,jmatelyunasl6@yale.edu,Female
764,Eddie,Gwilliam,egwilliaml7@unblog.fr,Male
765,Allix,Finnes,afinnesl8@cbslocal.com,Female
766,Maddy,Chooter,mchooterl9@gizmodo.com,Male
767,Luci,Waterman,lwatermanla@google.com.au,Female
768,Bernetta,Cuff,bcufflb@netvibes.com,Non-binary
769,Hall,Heber,hheberlc@seattletimes.com,Male
770,Francene,Josey,fjoseyld@yahoo.com,Polygender
771,Darin,Sawart,dsawartle@cafepress.com,Male
772,Lynelle,Batterham,lbatterhamlf@ning.com,Female
773,Bernhard,Verson,bversonlg@wordpress.com,Male
774,Amargo,Tendahl,atendahllh@odnoklassniki.ru,Female
775,Pebrook,Lowing,plowingli@bluehost.com,Genderfluid
776,Von,Waplinton,vwaplintonlj@technorati.com,Male
777,Emmalee,Pudner,epudnerlk@deliciousdays.com,Female
778,Donalt,Kilroy,dkilroyll@netvibes.com,Male
779,Moishe,Corragan,mcorraganlm@alibaba.com,Male
780,Hiram,Sowthcote,hsowthcoteln@aboutads.info,Male
781,Catlin,Paz,cpazlo@simplemachines.org,Bigender
782,Tally,Jotcham,tjotchamlp@irs.gov,Male
783,Maureen,Grinyakin,mgrinyakinlq@geocities.jp,Female
784,Margi,Whelpton,mwhelptonlr@samsung.com,Female
785,Meghann,O'Dempsey,modempseyls@fc2.com,Female
786,Bronny,Luten,blutenlt@example.com,Male
787,Meriel,Kelland,mkellandlu@amazon.co.uk,Female
788,Roarke,Clothier,rclothierlv@sciencedirect.com,Male
789,Annamaria,Yankeev,ayankeevlw@dyndns.org,Female
790,Shannan,Giorgini,sgiorginilx@dropbox.com,Male
791,Virgilio,O'Cassidy,vocassidyly@tuttocitta.it,Male
792,Eduino,Fillon,efillonlz@gov.uk,Male
793,Lucienne,Walas,lwalasm0@skype.com,Female
794,Randene,Edensor,redensorm1@addtoany.com,Female
795,Lannie,Gehrts,lgehrtsm2@discuz.net,Male
796,Christalle,Broszkiewicz,cbroszkiewiczm3@odnoklassniki.ru,Female
797,Minta,Byk,mbykm4@alexa.com,Female
798,Carolina,McKinlay,cmckinlaym5@slashdot.org,Female
799,Rosabelle,Raigatt,rraigattm6@hexun.com,Female
800,Larry,Creamer,lcreamerm7@nyu.edu,Male
801,Silva,Gulleford,sgullefordm8@cornell.edu,Female
802,Niven,McRill,nmcrillm9@loc.gov,Male
803,Aylmer,Fardy,afardyma@state.gov,Male
804,Lissie,Ffrench,lffrenchmb@google.com.br,Female
805,Daron,Shobbrook,dshobbrookmc@clickbank.net,Genderfluid
806,Delbert,Fairclough,dfaircloughmd@nature.com,Polygender
807,Bria,Ludvigsen,bludvigsenme@harvard.edu,Female
808,Saleem,Pau,spaumf@pcworld.com,Male
809,Odie,Vanyukhin,ovanyukhinmg@hibu.com,Male
810,Zebadiah,Fritschel,zfritschelmh@cornell.edu,Male
811,Orion,Cowle,ocowlemi@adobe.com,Male
812,Remus,Sifflett,rsifflettmj@wikispaces.com,Genderfluid
813,Cayla,Rubanenko,crubanenkomk@moonfruit.com,Female
814,Nicholas,Dirkin,ndirkinml@bbb.org,Male
815,Fianna,Rignold,frignoldmm@yolasite.com,Female
816,Bernard,Budget,bbudgetmn@google.com,Male
817,Wit,Wansbury,wwansburymo@cnet.com,Male
818,Wilmer,Jaggard,wjaggardmp@npr.org,Bigender
819,Gian,Scarce,gscarcemq@typepad.com,Genderfluid
820,Harriette,Bettley,hbettleymr@cnn.com,Genderfluid
821,Kelly,Spino,kspinoms@foxnews.com,Male
822,Chantalle,Sames,csamesmt@jalbum.net,Female
823,Coleen,Scadding,cscaddingmu@npr.org,Female
824,Pamelina,Simchenko,psimchenkomv@theatlantic.com,Female
825,Ginnie,Leimster,gleimstermw@simplemachines.org,Female
826,Karylin,Mainz,kmainzmx@chicagotribune.com,Female
827,Kyle,Fahy,kfahymy@bloglovin.com,Non-binary
828,Marline,Elias,meliasmz@meetup.com,Female
829,Jacquette,Marsh,jmarshn0@rediff.com,Female
830,Cele,Konmann,ckonmannn1@stumbleupon.com,Female
831,Nikkie,Beetles,nbeetlesn2@accuweather.com,Female
832,Therine,Vyvyan,tvyvyann3@wsj.com,Female
833,Barb,Matteuzzi,bmatteuzzin4@geocities.jp,Female
834,Hailey,Geggus,hgeggusn5@google.nl,Polygender
835,Ezequiel,Sola,esolan6@is.gd,Male
836,Ulrika,Welbeck,uwelbeckn7@wix.com,Female
837,Jacinthe,Gate,jgaten8@usatoday.com,Female
838,Gussie,Klaessen,gklaessenn9@github.io,Female
839,Maren,Ceney,mceneyna@jalbum.net,Female
840,Lelia,Madoc-Jones,lmadocjonesnb@bbb.org,Female
841,Eleanor,Winterbotham,ewinterbothamnc@reuters.com,Female
842,Ash,Penwright,apenwrightnd@shutterfly.com,Male
843,Padriac,Munslow,pmunslowne@youku.com,Male
844,Nata,Levin,nlevinnf@desdev.cn,Female
845,Stacy,Coltart,scoltartng@pcworld.com,Male
846,Marven,O'Duggan,moduggannh@123-reg.co.uk,Male
847,Alister,Spawell,aspawellni@tiny.cc,Male
848,Roderick,De Simoni,rdesimoninj@europa.eu,Male
849,Scotty,Fettis,sfettisnk@noaa.gov,Male
850,Wilden,Geeve,wgeevenl@networksolutions.com,Male
851,Adolpho,Byford,abyfordnm@nhs.uk,Male
852,Vernor,Chopping,vchoppingnn@oaic.gov.au,Male
853,Teodoor,Enochsson,tenochssonno@mashable.com,Male
854,Marla,Renvoys,mrenvoysnp@wp.com,Female
855,Beatriz,Choak,bchoaknq@lycos.com,Female
856,Axel,Blackbrough,ablackbroughnr@google.nl,Agender
857,Niki,Fayter,nfayterns@blinklist.com,Male
858,Pat,Horley,phorleynt@jalbum.net,Male
859,Albie,Caser,acasernu@fotki.com,Male
860,Verne,Knowller,vknowllernv@skyrock.com,Bigender
861,Jakob,Marriott,jmarriottnw@va.gov,Male
862,Neils,Pischel,npischelnx@usatoday.com,Agender
863,Yasmeen,Yesichev,yyesichevny@wufoo.com,Female
864,Adams,MacShirie,amacshirienz@trellian.com,Male
865,Aylmer,Jodkowski,ajodkowskio0@wisc.edu,Male
866,Melisse,Ives,miveso1@wired.com,Female
867,Tallie,Bewsey,tbewseyo2@desdev.cn,Female
868,Marmaduke,Ungaretti,mungarettio3@ca.gov,Male
869,Reginald,McIlhagga,rmcilhaggao4@jigsy.com,Male
870,Othilia,Hallen,ohalleno5@vkontakte.ru,Female
871,Julie,Harkins,jharkinso6@sohu.com,Agender
872,Albie,Todaro,atodaroo7@devhub.com,Male
873,Nannette,Bloan,nbloano8@t-online.de,Female
874,Hashim,Bramley,hbramleyo9@marriott.com,Agender
875,Pattin,Kyneton,pkynetonoa@wikipedia.org,Male
876,Talyah,Kopf,tkopfob@ameblo.jp,Female
877,Byrann,Tilby,btilbyoc@omniture.com,Male
878,Clark,Peyto,cpeytood@buzzfeed.com,Male
879,Renee,Mackie,rmackieoe@deviantart.com,Female
880,Drusi,Catterson,dcattersonof@canalblog.com,Female
881,Finley,Demicoli,fdemicoliog@adobe.com,Male
882,Lombard,Gerold,lgeroldoh@example.com,Male
883,Fleming,Pracy,fpracyoi@rambler.ru,Male
884,Robinet,Boundey,rboundeyoj@newsvine.com,Male
885,Tanny,Londesborough,tlondesboroughok@google.ru,Male
886,Tiphani,Casine,tcasineol@eepurl.com,Female
887,Chrissy,Rany,cranyom@salon.com,Male
888,Egan,Lewsy,elewsyon@about.me,Male
889,Hyacintha,Christiensen,hchristiensenoo@usa.gov,Female
890,Anetta,Orcott,aorcottop@whitehouse.gov,Female
891,Lockwood,Claisse,lclaisseoq@wisc.edu,Male
892,Sybil,Torr,storror@sakura.ne.jp,Female
893,Gianina,McGraith,gmcgraithos@newsvine.com,Female
894,Thorpe,Cartmale,tcartmaleot@photobucket.com,Male
895,Reagan,Drable,rdrableou@wp.com,Male
896,Rose,Battman,rbattmanov@ucla.edu,Female
897,Yoko,Traves,ytravesow@i2i.jp,Female
898,Burty,Pattington,bpattingtonox@technorati.com,Male
899,Donna,Farries,dfarriesoy@cargocollective.com,Female
900,Patsy,Boncore,pboncoreoz@123-reg.co.uk,Female
901,Coralyn,Carnihan,ccarnihanp0@mit.edu,Bigender
902,Toni,Danson,tdansonp1@google.com,Female
903,Robinetta,Vieyra,rvieyrap2@google.de,Female
904,Estevan,Pimerick,epimerickp3@newsvine.com,Male
905,Finn,Christene,fchristenep4@pinterest.com,Male
906,Marigold,Bakesef,mbakesefp5@yellowpages.com,Female
907,Ianthe,Kleinhaut,ikleinhautp6@51.la,Female
908,Lambert,Gisby,lgisbyp7@hao123.com,Male
909,Dominique,Krale,dkralep8@bandcamp.com,Female
910,Demetris,Planke,dplankep9@microsoft.com,Non-binary
911,Bendicty,Byram,bbyrampa@gov.uk,Polygender
912,Ferrel,Burlay,fburlaypb@usgs.gov,Male
913,Jeannette,Matcham,jmatchampc@loc.gov,Female
914,Brigham,Salandino,bsalandinopd@squidoo.com,Male
915,Templeton,Simonite,tsimonitepe@flickr.com,Male
916,Norry,Chadwell,nchadwellpf@usnews.com,Female
917,Jory,Rushworth,jrushworthpg@shop-pro.jp,Male
918,Olympie,Orbine,oorbineph@123-reg.co.uk,Female
919,Atlanta,Roseby,arosebypi@exblog.jp,Non-binary
920,Ezra,Kennington,ekenningtonpj@phpbb.com,Male
921,Timoteo,Sinyard,tsinyardpk@ucsd.edu,Male
922,Bernita,Peidro,bpeidropl@ucoz.com,Polygender
923,Billye,Blodgetts,bblodgettspm@twitpic.com,Female
924,Kaela,Smitten,ksmittenpn@google.co.jp,Non-binary
925,Ianthe,Rodger,irodgerpo@typepad.com,Female
926,Chelsea,Clawson,cclawsonpp@latimes.com,Female
927,Brinna,Jeannel,bjeannelpq@typepad.com,Female
928,Prudi,Oldall,poldallpr@hhs.gov,Female
929,Elva,Rigmond,erigmondps@globo.com,Female
930,Marcos,Pontain,mpontainpt@bloglovin.com,Male
931,Pauli,Gilham,pgilhampu@fema.gov,Female
932,Sebastien,Cotgrove,scotgrovepv@quantcast.com,Male
933,Rik,Bazell,rbazellpw@smugmug.com,Male
934,Amii,Caulfield,acaulfieldpx@dedecms.com,Female
935,Alleyn,Carabet,acarabetpy@creativecommons.org,Male
936,Jandy,Iorizzo,jiorizzopz@miitbeian.gov.cn,Female
937,Jefferson,Downey,jdowneyq0@seesaa.net,Male
938,Loydie,Budden,lbuddenq1@wsj.com,Male
939,Sarina,Dudeney,sdudeneyq2@fc2.com,Female
940,Corilla,Katt,ckattq3@xinhuanet.com,Female
941,Sheffield,Bentson,sbentsonq4@blinklist.com,Male
942,Annelise,Scamadin,ascamadinq5@go.com,Female
943,Tore,Caghan,tcaghanq6@nhs.uk,Male
944,Ernie,Riatt,eriattq7@umich.edu,Male
945,Charyl,Hutchison,chutchisonq8@about.me,Female
946,Tiffanie,Ambrosio,tambrosioq9@nbcnews.com,Female
947,Ertha,Stanistrete,estanistreteqa@goo.gl,Female
948,Dannie,Titcom,dtitcomqb@bing.com,Male
949,Rock,Ranscombe,rranscombeqc@yahoo.com,Male
950,Jeannette,Chatt,jchattqd@is.gd,Genderqueer
951,Marcel,Northcote,mnorthcoteqe@163.com,Male
952,Kendra,Mainson,kmainsonqf@miibeian.gov.cn,Female
953,Aguste,Beyne,abeyneqg@is.gd,Male
954,Gus,Measham,gmeashamqh@yelp.com,Female
955,Camala,Foxon,cfoxonqi@list-manage.com,Female
956,Alverta,Heake,aheakeqj@whitehouse.gov,Polygender
957,Sim,Streeting,sstreetingqk@goo.gl,Male
958,Kiley,Weson,kwesonql@independent.co.uk,Male
959,Hercule,Dronsfield,hdronsfieldqm@hp.com,Male
960,Bonita,Irnis,birnisqn@ihg.com,Female
961,Dotty,Selvester,dselvesterqo@posterous.com,Female
962,Pietrek,Nolder,pnolderqp@skyrock.com,Male
963,Deeanne,Fluger,dflugerqq@google.com.br,Female
964,Hugibert,Weddeburn - Scrimgeour,hweddeburnscrimgeourqr@fc2.com,Male
965,Sorcha,Burstow,sburstowqs@dailymotion.com,Female
966,Jaime,Gorhardt,jgorhardtqt@mayoclinic.com,Female
967,Haydon,Jerzycowski,hjerzycowskiqu@ustream.tv,Male
968,Lovell,Whilde,lwhildeqv@bandcamp.com,Male
969,Joanne,Hollebon,jhollebonqw@upenn.edu,Female
970,Cary,Seymour,cseymourqx@about.com,Female
971,Alexis,Patridge,apatridgeqy@hud.gov,Male
972,Jarrett,Abbott,jabbottqz@google.ca,Male
973,Rocky,Trass,rtrassr0@paginegialle.it,Male
974,Barb,Lesek,blesekr1@ycombinator.com,Female
975,Jarid,Murrigans,jmurrigansr2@home.pl,Genderfluid
976,Tom,Clifforth,tclifforthr3@storify.com,Male
977,Brendin,Frandsen,bfrandsenr4@amazon.de,Polygender
978,Liliane,Stell,lstellr5@spotify.com,Female
979,Jania,Dunne,jdunner6@sina.com.cn,Female
980,Lesya,Siemandl,lsiemandlr7@elpais.com,Genderqueer
981,Franny,Aldins,faldinsr8@wunderground.com,Female
982,Jada,Peyro,jpeyror9@blogs.com,Female
983,Abdel,Carrane,acarranera@nbcnews.com,Male
984,Orin,Guislin,oguislinrb@indiatimes.com,Male
985,Caz,Shakesby,cshakesbyrc@economist.com,Male
986,Essie,Jeness,ejenessrd@digg.com,Female
987,Rudd,Itter,ritterre@howstuffworks.com,Male
988,Vivyanne,Schindler,vschindlerrf@netscape.com,Female
989,Byron,Sivyer,bsivyerrg@ucsd.edu,Male
990,Gretta,Sheircliffe,gsheirclifferh@google.nl,Female
991,Helaina,Keddle,hkeddleri@purevolume.com,Female
992,Adriaens,Toffel,atoffelrj@ucsd.edu,Bigender
993,Martie,Cowins,mcowinsrk@buzzfeed.com,Female
994,Fern,Giacoboni,fgiacobonirl@artisteer.com,Female
995,Humfried,Kochel,hkochelrm@chron.com,Polygender
996,Gayle,Roussel,grousselrn@admin.ch,Female
997,Cris,Aylmer,caylmerro@jigsy.com,Non-binary
998,Toiboid,Faithorn,tfaithornrp@ed.gov,Male
999,Sterling,Giacoppoli,sgiacoppolirq@nature.com,Male
1000,Kennedy,Coughan,kcoughanrr@tinyurl.com,Male
